Timestamp,UTC,Callsign,Position,Altitude,Speed,Direction
1734876996,2024-12-22T14:16:36Z,SAS1471,"60.19677,11.102323",0,3,286
1734877011,2024-12-22T14:16:51Z,SAS1471,"60.196758,11.102655",0,3,286
1734877027,2024-12-22T14:17:07Z,SAS1471,"60.196724,11.102892",0,1,286
1734877281,2024-12-22T14:21:21Z,SAS1471,"60.196495,11.103248",0,8,123
1734877289,2024-12-22T14:21:29Z,SAS1471,"60.196526,11.10399",0,11,84
1734877295,2024-12-22T14:21:35Z,SAS1471,"60.196609,11.104361",0,9,64
1734877301,2024-12-22T14:21:41Z,SAS1471,"60.196861,11.104628",0,10,25
1734877307,2024-12-22T14:21:47Z,SAS1471,"60.197189,11.104799",0,11,16
1734877313,2024-12-22T14:21:53Z,SAS1471,"60.197468,11.104976",0,12,16
1734877317,2024-12-22T14:21:57Z,SAS1471,"60.197723,11.105118",0,13,16
1734877323,2024-12-22T14:22:03Z,SAS1471,"60.198109,11.105338",0,15,16
1734877327,2024-12-22T14:22:07Z,SAS1471,"60.198376,11.105486",0,14,14
1734877332,2024-12-22T14:22:12Z,SAS1471,"60.198608,11.105633",0,12,19
1734877338,2024-12-22T14:22:18Z,SAS1471,"60.19878,11.105976",0,12,47
1734877339,2024-12-22T14:22:19Z,SAS1471,"60.198818,11.106207",0,12,64
1734877342,2024-12-22T14:22:22Z,SAS1471,"60.198807,11.106633",0,12,90
1734877345,2024-12-22T14:22:25Z,SAS1471,"60.198769,11.106908",0,12,101
1734877350,2024-12-22T14:22:30Z,SAS1471,"60.1987,11.107349",0,13,104
1734877351,2024-12-22T14:22:31Z,SAS1471,"60.198669,11.107604",0,13,104
1734877353,2024-12-22T14:22:33Z,SAS1471,"60.198624,11.107912",0,14,106
1734877355,2024-12-22T14:22:35Z,SAS1471,"60.198578,11.108172",0,15,106
1734877358,2024-12-22T14:22:38Z,SAS1471,"60.198524,11.108551",0,15,106
1734877361,2024-12-22T14:22:41Z,SAS1471,"60.198475,11.108953",0,15,106
1734877363,2024-12-22T14:22:43Z,SAS1471,"60.198444,11.109164",0,16,106
1734877365,2024-12-22T14:22:45Z,SAS1471,"60.198387,11.109581",0,16,106
1734877371,2024-12-22T14:22:51Z,SAS1471,"60.198235,11.110586",0,18,106
1734877379,2024-12-22T14:22:59Z,SAS1471,"60.198051,11.111866",0,19,106
1734877385,2024-12-22T14:23:05Z,SAS1471,"60.197945,11.112597",0,15,106
1734877392,2024-12-22T14:23:12Z,SAS1471,"60.197803,11.113456",0,12,106
1734877394,2024-12-22T14:23:14Z,SAS1471,"60.197765,11.113666",0,12,112
1734877397,2024-12-22T14:23:17Z,SAS1471,"60.197689,11.113921",0,13,115
1734877399,2024-12-22T14:23:19Z,SAS1471,"60.197628,11.114139",0,13,118
1734877401,2024-12-22T14:23:21Z,SAS1471,"60.197571,11.114352",0,14,118
1734877404,2024-12-22T14:23:24Z,SAS1471,"60.197491,11.114682",0,14,115
1734877406,2024-12-22T14:23:26Z,SAS1471,"60.197445,11.114902",0,13,112
1734877414,2024-12-22T14:23:34Z,SAS1471,"60.197292,11.115884",0,15,104
1734877419,2024-12-22T14:23:39Z,SAS1471,"60.197189,11.116644",0,15,104
1734877421,2024-12-22T14:23:41Z,SAS1471,"60.197151,11.116938",0,15,104
1734877423,2024-12-22T14:23:43Z,SAS1471,"60.197105,11.117183",0,15,106
1734877424,2024-12-22T14:23:44Z,SAS1471,"60.197079,11.117383",0,15,106
1734877427,2024-12-22T14:23:47Z,SAS1471,"60.197044,11.117596",0,14,106
1734877429,2024-12-22T14:23:49Z,SAS1471,"60.196999,11.117832",0,13,109
1734877433,2024-12-22T14:23:53Z,SAS1471,"60.196861,11.118282",0,13,123
1734877436,2024-12-22T14:23:56Z,SAS1471,"60.196735,11.118519",0,10,132
1734877441,2024-12-22T14:24:01Z,SAS1471,"60.196598,11.118827",0,9,129
1734877444,2024-12-22T14:24:04Z,SAS1471,"60.196537,11.119071",0,9,120
1734877447,2024-12-22T14:24:07Z,SAS1471,"60.196495,11.119277",0,9,115
1734877450,2024-12-22T14:24:10Z,SAS1471,"60.196438,11.119537",0,9,115
1734877457,2024-12-22T14:24:17Z,SAS1471,"60.196232,11.119684",0,8,163
1734877487,2024-12-22T14:24:47Z,SAS1471,"60.195965,11.119489",0,8,194
1734877494,2024-12-22T14:24:54Z,SAS1471,"60.19487,11.118876",0,47,196
1734877501,2024-12-22T14:25:01Z,SAS1471,"60.193008,11.117772",0,78,196
1734877512,2024-12-22T14:25:12Z,SAS1471,"60.187481,11.114534",1650,125,196
1734877520,2024-12-22T14:25:20Z,SAS1471,"60.181961,11.11144",1725,154,196
1734877526,2024-12-22T14:25:26Z,SAS1471,"60.177612,11.108977",2000,152,195
1734877533,2024-12-22T14:25:33Z,SAS1471,"60.172585,11.106295",2350,151,194
1734877543,2024-12-22T14:25:43Z,SAS1471,"60.166626,11.10301",2800,151,196
1734877551,2024-12-22T14:25:51Z,SAS1471,"60.160446,11.099412",3075,160,196
1734877559,2024-12-22T14:25:59Z,SAS1471,"60.154495,11.095813",3400,169,196
1734877566,2024-12-22T14:26:06Z,SAS1471,"60.149403,11.092856",3650,177,194
1734877570,2024-12-22T14:26:10Z,SAS1471,"60.145863,11.091581",3800,182,189
1734877572,2024-12-22T14:26:12Z,SAS1471,"60.144001,11.091188",3875,184,186
1734877575,2024-12-22T14:26:15Z,SAS1471,"60.141449,11.090982",4000,188,181
1734877577,2024-12-22T14:26:17Z,SAS1471,"60.139572,11.091172",4100,191,178
1734877580,2024-12-22T14:26:20Z,SAS1471,"60.137577,11.091483",4200,193,175
1734877582,2024-12-22T14:26:22Z,SAS1471,"60.135727,11.092119",4300,196,171
1734877584,2024-12-22T14:26:24Z,SAS1471,"60.13385,11.093066",4400,199,168
1734877586,2024-12-22T14:26:26Z,SAS1471,"60.131992,11.094131",4500,201,164
1734877588,2024-12-22T14:26:28Z,SAS1471,"60.130131,11.095603",4625,204,160
1734877590,2024-12-22T14:26:30Z,SAS1471,"60.128036,11.097707",4750,208,155
1734877592,2024-12-22T14:26:32Z,SAS1471,"60.126266,11.099625",4850,211,151
1734877594,2024-12-22T14:26:34Z,SAS1471,"60.124451,11.102077",4950,214,147
1734877597,2024-12-22T14:26:37Z,SAS1471,"60.123005,11.104333",5050,218,143
1734877599,2024-12-22T14:26:39Z,SAS1471,"60.121143,11.10757",5175,221,140
1734877601,2024-12-22T14:26:41Z,SAS1471,"60.119282,11.111199",5300,224,136
1734877603,2024-12-22T14:26:43Z,SAS1471,"60.117783,11.114376",5400,228,135
1734877605,2024-12-22T14:26:45Z,SAS1471,"60.116257,11.117576",5500,231,133
1734877607,2024-12-22T14:26:47Z,SAS1471,"60.114765,11.120714",5600,234,133
1734877609,2024-12-22T14:26:49Z,SAS1471,"60.113186,11.124147",5700,237,132
1734877612,2024-12-22T14:26:52Z,SAS1471,"60.111557,11.127635",5800,240,132
1734877614,2024-12-22T14:26:54Z,SAS1471,"60.109909,11.131329",5900,243,132
1734877616,2024-12-22T14:26:56Z,SAS1471,"60.10825,11.134938",6000,245,132
1734877618,2024-12-22T14:26:58Z,SAS1471,"60.106667,11.138371",6100,249,132
1734877620,2024-12-22T14:27:00Z,SAS1471,"60.104992,11.142",6175,251,132
1734877622,2024-12-22T14:27:02Z,SAS1471,"60.103363,11.145535",6275,256,132
1734877624,2024-12-22T14:27:04Z,SAS1471,"60.101349,11.149702",6375,259,133
1734877635,2024-12-22T14:27:15Z,SAS1471,"60.091351,11.166327",6700,276,145
1734877637,2024-12-22T14:27:17Z,SAS1471,"60.089165,11.169074",6750,278,147
1734877639,2024-12-22T14:27:19Z,SAS1471,"60.086834,11.171821",6825,280,149
1734877641,2024-12-22T14:27:21Z,SAS1471,"60.084137,11.174801",6925,282,150
1734877644,2024-12-22T14:27:24Z,SAS1471,"60.08176,11.177412",7025,283,151
1734877646,2024-12-22T14:27:26Z,SAS1471,"60.079479,11.179864",7150,285,151
1734877648,2024-12-22T14:27:28Z,SAS1471,"60.076546,11.182905",7325,284,152
1734877651,2024-12-22T14:27:31Z,SAS1471,"60.073105,11.18645",7550,284,152
1734877653,2024-12-22T14:27:33Z,SAS1471,"60.070122,11.189575",7750,284,152
1734877655,2024-12-22T14:27:35Z,SAS1471,"60.067749,11.192038",7925,284,152
1734877657,2024-12-22T14:27:37Z,SAS1471,"60.065235,11.194676",8100,284,152
1734877660,2024-12-22T14:27:40Z,SAS1471,"60.063309,11.196678",8225,286,152
1734877662,2024-12-22T14:27:42Z,SAS1471,"60.061001,11.198992",8350,286,152
1734877664,2024-12-22T14:27:44Z,SAS1471,"60.05867,11.201445",8500,286,152
1734877676,2024-12-22T14:27:56Z,SAS1471,"60.043213,11.217798",9375,292,152
1734877690,2024-12-22T14:28:10Z,SAS1471,"60.027061,11.234992",10350,295,151
1734877702,2024-12-22T14:28:22Z,SAS1471,"60.012028,11.250981",11225,298,152
1734877715,2024-12-22T14:28:35Z,SAS1471,"59.996105,11.267853",12050,304,151
1734877747,2024-12-22T14:29:07Z,SAS1471,"59.955139,11.311308",13875,322,152
1734877779,2024-12-22T14:29:39Z,SAS1471,"59.912403,11.356454",15750,335,152
1734877811,2024-12-22T14:30:11Z,SAS1471,"59.866131,11.40504",17450,351,152
1734877844,2024-12-22T14:30:44Z,SAS1471,"59.818726,11.454712",19225,362,152
1734877876,2024-12-22T14:31:16Z,SAS1471,"59.771118,11.504391",20950,371,152
1734877907,2024-12-22T14:31:47Z,SAS1471,"59.72261,11.554871",22450,383,152
1734877938,2024-12-22T14:32:18Z,SAS1471,"59.673706,11.605682",24000,389,152
1734877970,2024-12-22T14:32:50Z,SAS1471,"59.622849,11.658234",25475,395,152
1734878002,2024-12-22T14:33:22Z,SAS1471,"59.57103,11.711609",27350,389,152
1734878023,2024-12-22T14:33:43Z,SAS1471,"59.536011,11.74054",27925,393,162
1734878025,2024-12-22T14:33:45Z,SAS1471,"59.531616,11.743103",28000,393,163
1734878028,2024-12-22T14:33:48Z,SAS1471,"59.528091,11.744843",28050,393,164
1734878030,2024-12-22T14:33:50Z,SAS1471,"59.52475,11.746399",28125,393,166
1734878032,2024-12-22T14:33:52Z,SAS1471,"59.520947,11.748078",28175,393,167
1734878034,2024-12-22T14:33:54Z,SAS1471,"59.516663,11.749688",28250,394,168
1734878036,2024-12-22T14:33:56Z,SAS1471,"59.513264,11.750825",28325,394,169
1734878038,2024-12-22T14:33:58Z,SAS1471,"59.509552,11.751892",28400,394,171
1734878040,2024-12-22T14:34:00Z,SAS1471,"59.505981,11.752899",28475,394,172
1734878042,2024-12-22T14:34:02Z,SAS1471,"59.502094,11.753856",28550,394,172
1734878046,2024-12-22T14:34:06Z,SAS1471,"59.495499,11.755554",28650,395,172
1734878048,2024-12-22T14:34:08Z,SAS1471,"59.491756,11.756508",28700,396,172
1734878050,2024-12-22T14:34:10Z,SAS1471,"59.488873,11.757265",28750,397,172
1734878052,2024-12-22T14:34:12Z,SAS1471,"59.484924,11.758301",28800,398,172
1734878084,2024-12-22T14:34:44Z,SAS1471,"59.425735,11.773956",29650,408,171
1734878115,2024-12-22T14:35:15Z,SAS1471,"59.366821,11.79007",30725,409,172
1734878146,2024-12-22T14:35:46Z,SAS1471,"59.30904,11.805567",31625,414,172
1734878177,2024-12-22T14:36:17Z,SAS1471,"59.247986,11.821655",32075,431,172
1734878208,2024-12-22T14:36:48Z,SAS1471,"59.186188,11.838318",32725,440,172
1734878240,2024-12-22T14:37:20Z,SAS1471,"59.122284,11.85553",33525,442,172
1734878271,2024-12-22T14:37:51Z,SAS1471,"59.059341,11.872101",34075,448,172
1734878303,2024-12-22T14:38:23Z,SAS1471,"58.995346,11.888763",34800,449,172
1734878333,2024-12-22T14:38:53Z,SAS1471,"58.93309,11.905243",35700,444,172
1734878364,2024-12-22T14:39:24Z,SAS1471,"58.870285,11.921587",36625,438,172
1734878396,2024-12-22T14:39:56Z,SAS1471,"58.805904,11.938293",37175,442,172
1734878427,2024-12-22T14:40:27Z,SAS1471,"58.743244,11.954407",37850,438,172
1734878459,2024-12-22T14:40:59Z,SAS1471,"58.679901,11.970757",38325,442,172
1734878490,2024-12-22T14:41:30Z,SAS1471,"58.618439,11.986633",38925,438,172
1734878521,2024-12-22T14:42:01Z,SAS1471,"58.55484,12.00283",39000,437,172
1734878553,2024-12-22T14:42:33Z,SAS1471,"58.489956,12.019409",39000,438,172
1734878586,2024-12-22T14:43:06Z,SAS1471,"58.425659,12.035789",39000,439,172
1734878617,2024-12-22T14:43:37Z,SAS1471,"58.362671,12.051736",39000,444,172
1734878649,2024-12-22T14:44:09Z,SAS1471,"58.296936,12.068215",39025,446,172
1734878680,2024-12-22T14:44:40Z,SAS1471,"58.233353,12.084252",39050,444,172
1734878712,2024-12-22T14:45:12Z,SAS1471,"58.168976,12.100433",39050,446,172
1734878745,2024-12-22T14:45:45Z,SAS1471,"58.102661,12.117034",39025,445,172
1734878777,2024-12-22T14:46:17Z,SAS1471,"58.035744,12.133759",39025,444,172
1734878809,2024-12-22T14:46:49Z,SAS1471,"57.972248,12.149414",39000,442,172
1734878841,2024-12-22T14:47:21Z,SAS1471,"57.907307,12.165436",39000,441,172
1734878871,2024-12-22T14:47:51Z,SAS1471,"57.846649,12.180267",38975,440,172
1734878903,2024-12-22T14:48:23Z,SAS1471,"57.783012,12.195831",38975,438,172
1734878934,2024-12-22T14:48:54Z,SAS1471,"57.719097,12.211392",39000,436,172
1734878966,2024-12-22T14:49:26Z,SAS1471,"57.655884,12.226753",38975,434,172
1734879000,2024-12-22T14:50:00Z,SAS1471,"57.589027,12.242933",38575,436,172
1734879032,2024-12-22T14:50:32Z,SAS1471,"57.524879,12.258704",38100,434,172
1734879063,2024-12-22T14:51:03Z,SAS1471,"57.463989,12.273531",38000,431,172
1734879095,2024-12-22T14:51:35Z,SAS1471,"57.40004,12.288895",38000,434,172
1734879127,2024-12-22T14:52:07Z,SAS1471,"57.33704,12.303713",37050,432,172
1734879159,2024-12-22T14:52:39Z,SAS1471,"57.273312,12.318775",35625,432,172
1734879190,2024-12-22T14:53:10Z,SAS1471,"57.211628,12.333483",34225,428,172
1734879222,2024-12-22T14:53:42Z,SAS1471,"57.148636,12.348461",32875,426,172
1734879253,2024-12-22T14:54:13Z,SAS1471,"57.090912,12.362022",32175,405,172
1734879284,2024-12-22T14:54:44Z,SAS1471,"57.034698,12.37524",31325,388,172
1734879315,2024-12-22T14:55:15Z,SAS1471,"56.978634,12.388502",30075,383,172
1734879347,2024-12-22T14:55:47Z,SAS1471,"56.923611,12.401261",29075,372,172
1734879379,2024-12-22T14:56:19Z,SAS1471,"56.870495,12.413754",27500,376,172
1734879410,2024-12-22T14:56:50Z,SAS1471,"56.816868,12.426246",26225,370,172
1734879441,2024-12-22T14:57:21Z,SAS1471,"56.76384,12.438498",24975,365,172
1734879474,2024-12-22T14:57:54Z,SAS1471,"56.711014,12.450771",23675,359,172
1734879506,2024-12-22T14:58:26Z,SAS1471,"56.658588,12.462749",22525,351,172
1734879538,2024-12-22T14:58:58Z,SAS1471,"56.606312,12.474798",20950,356,172
1734879569,2024-12-22T14:59:29Z,SAS1471,"56.555328,12.486378",19725,352,172
1734879600,2024-12-22T15:00:00Z,SAS1471,"56.506531,12.497614",18600,346,172
1734879632,2024-12-22T15:00:32Z,SAS1471,"56.456726,12.5091",17525,338,172
1734879663,2024-12-22T15:01:03Z,SAS1471,"56.407516,12.520752",16425,332,170
1734879676,2024-12-22T15:01:16Z,SAS1471,"56.389435,12.529159",16000,331,162
1734879678,2024-12-22T15:01:18Z,SAS1471,"56.385956,12.531322",15925,331,161
1734879680,2024-12-22T15:01:20Z,SAS1471,"56.383186,12.533083",15900,330,160
1734879682,2024-12-22T15:01:22Z,SAS1471,"56.379742,12.535315",15850,330,160
1734879684,2024-12-22T15:01:24Z,SAS1471,"56.377396,12.536816",15825,328,160
1734879687,2024-12-22T15:01:27Z,SAS1471,"56.374008,12.539063",15800,326,160
1734879689,2024-12-22T15:01:29Z,SAS1471,"56.37117,12.540811",15750,323,160
1734879691,2024-12-22T15:01:31Z,SAS1471,"56.367508,12.543224",15700,324,160
1734879723,2024-12-22T15:02:03Z,SAS1471,"56.323746,12.571023",14700,316,160
1734879756,2024-12-22T15:02:36Z,SAS1471,"56.279095,12.599258",13625,312,160
1734879787,2024-12-22T15:03:07Z,SAS1471,"56.235352,12.627036",12450,315,160
1734879818,2024-12-22T15:03:38Z,SAS1471,"56.193878,12.653337",11625,308,160
1734879833,2024-12-22T15:03:53Z,SAS1471,"56.174446,12.66552",11400,309,160
1734879847,2024-12-22T15:04:07Z,SAS1471,"56.154877,12.677973",11150,308,160
1734879861,2024-12-22T15:04:21Z,SAS1471,"56.136292,12.689625",10875,305,160
1734879874,2024-12-22T15:04:34Z,SAS1471,"56.119419,12.700281",10600,302,160
1734879888,2024-12-22T15:04:48Z,SAS1471,"56.10001,12.712469",10250,296,160
1734879901,2024-12-22T15:05:01Z,SAS1471,"56.084427,12.722251",9975,292,160
1734879916,2024-12-22T15:05:16Z,SAS1471,"56.065372,12.734184",9600,289,160
1734879931,2024-12-22T15:05:31Z,SAS1471,"56.047031,12.745686",9225,284,160
1734879945,2024-12-22T15:05:45Z,SAS1471,"56.029861,12.756458",8925,284,160
1734879957,2024-12-22T15:05:57Z,SAS1471,"56.014206,12.76628",8650,282,160
1734879970,2024-12-22T15:06:10Z,SAS1471,"55.998001,12.776434",8350,280,160
1734879983,2024-12-22T15:06:23Z,SAS1471,"55.982712,12.785922",8050,279,160
1734879998,2024-12-22T15:06:38Z,SAS1471,"55.964859,12.797158",7650,278,160
1734880011,2024-12-22T15:06:51Z,SAS1471,"55.948334,12.807479",7225,278,160
1734880024,2024-12-22T15:07:04Z,SAS1471,"55.932003,12.817612",6900,275,160
1734880038,2024-12-22T15:07:18Z,SAS1471,"55.91597,12.827621",6550,272,160
1734880051,2024-12-22T15:07:31Z,SAS1471,"55.90081,12.837095",6300,267,160
1734880066,2024-12-22T15:07:46Z,SAS1471,"55.883652,12.847762",6075,260,160
1734880079,2024-12-22T15:07:59Z,SAS1471,"55.869186,12.85675",5925,252,160
1734880091,2024-12-22T15:08:11Z,SAS1471,"55.855888,12.86499",5800,244,160
1734880104,2024-12-22T15:08:24Z,SAS1471,"55.842728,12.873147",5625,239,161
1734880119,2024-12-22T15:08:39Z,SAS1471,"55.826889,12.882801",5350,235,161
1734880128,2024-12-22T15:08:48Z,SAS1471,"55.817368,12.885964",5150,230,175
1734880130,2024-12-22T15:08:50Z,SAS1471,"55.814831,12.886019",5075,230,179
1734880133,2024-12-22T15:08:53Z,SAS1471,"55.812698,12.885632",5050,228,183
1734880135,2024-12-22T15:08:55Z,SAS1471,"55.810272,12.885049",5000,227,187
1734880137,2024-12-22T15:08:57Z,SAS1471,"55.807709,12.884049",4950,226,190
1734880139,2024-12-22T15:08:59Z,SAS1471,"55.805519,12.883101",4925,226,192
1734880141,2024-12-22T15:09:01Z,SAS1471,"55.803955,12.882385",4900,225,194
1734880144,2024-12-22T15:09:04Z,SAS1471,"55.80043,12.880721",4825,224,195
1734880146,2024-12-22T15:09:06Z,SAS1471,"55.798645,12.879722",4775,224,196
1734880149,2024-12-22T15:09:09Z,SAS1471,"55.796173,12.878473",4700,224,196
1734880151,2024-12-22T15:09:11Z,SAS1471,"55.794617,12.877641",4650,223,196
1734880153,2024-12-22T15:09:13Z,SAS1471,"55.792419,12.876476",4625,224,196
1734880155,2024-12-22T15:09:15Z,SAS1471,"55.790543,12.875477",4575,223,196
1734880157,2024-12-22T15:09:17Z,SAS1471,"55.788574,12.874395",4550,222,196
1734880159,2024-12-22T15:09:19Z,SAS1471,"55.78648,12.873316",4525,220,196
1734880161,2024-12-22T15:09:21Z,SAS1471,"55.7845,12.872231",4500,219,196
1734880163,2024-12-22T15:09:23Z,SAS1471,"55.78215,12.870998",4450,218,196
1734880165,2024-12-22T15:09:25Z,SAS1471,"55.779877,12.869818",4425,216,196
1734880173,2024-12-22T15:09:33Z,SAS1471,"55.773148,12.866322",4350,212,196
1734880180,2024-12-22T15:09:40Z,SAS1471,"55.766098,12.862743",4250,207,195
1734880189,2024-12-22T15:09:49Z,SAS1471,"55.758682,12.858997",4175,203,195
1734880197,2024-12-22T15:09:57Z,SAS1471,"55.751312,12.855002",4050,198,199
1734880199,2024-12-22T15:09:59Z,SAS1471,"55.749207,12.853504",4025,197,202
1734880201,2024-12-22T15:10:01Z,SAS1471,"55.747513,12.852173",4000,196,204
1734880203,2024-12-22T15:10:03Z,SAS1471,"55.745884,12.850742",3950,195,205
1734880205,2024-12-22T15:10:05Z,SAS1471,"55.744255,12.849112",3925,194,209
1734880207,2024-12-22T15:10:07Z,SAS1471,"55.742722,12.847395",3900,193,211
1734880210,2024-12-22T15:10:10Z,SAS1471,"55.74086,12.845249",3850,191,213
1734880212,2024-12-22T15:10:12Z,SAS1471,"55.73951,12.843447",3825,192,215
1734880214,2024-12-22T15:10:14Z,SAS1471,"55.737991,12.841436",3775,191,216
1734880216,2024-12-22T15:10:16Z,SAS1471,"55.736664,12.839605",3725,191,217
1734880218,2024-12-22T15:10:18Z,SAS1471,"55.735016,12.837275",3675,191,218
1734880220,2024-12-22T15:10:20Z,SAS1471,"55.733597,12.835207",3650,191,219
1734880222,2024-12-22T15:10:22Z,SAS1471,"55.732246,12.833233",3600,190,219
1734880225,2024-12-22T15:10:25Z,SAS1471,"55.730804,12.831116",3575,190,219
1734880227,2024-12-22T15:10:27Z,SAS1471,"55.72934,12.828869",3525,190,220
1734880229,2024-12-22T15:10:29Z,SAS1471,"55.727638,12.826281",3475,189,220
1734880231,2024-12-22T15:10:31Z,SAS1471,"55.726288,12.824306",3450,189,220
1734880233,2024-12-22T15:10:33Z,SAS1471,"55.725266,12.822793",3425,188,220
1734880235,2024-12-22T15:10:35Z,SAS1471,"55.723846,12.820545",3375,187,220
1734880237,2024-12-22T15:10:37Z,SAS1471,"55.722099,12.817869",3325,187,221
1734880239,2024-12-22T15:10:39Z,SAS1471,"55.720749,12.815809",3300,186,221
1734880241,2024-12-22T15:10:41Z,SAS1471,"55.719498,12.813804",3250,186,221
1734880243,2024-12-22T15:10:43Z,SAS1471,"55.718185,12.811775",3225,183,221
1734880252,2024-12-22T15:10:52Z,SAS1471,"55.713066,12.803793",3075,179,221
1734880261,2024-12-22T15:11:01Z,SAS1471,"55.707481,12.795124",2950,174,221
1734880269,2024-12-22T15:11:09Z,SAS1471,"55.702358,12.787056",2800,174,221
1734880276,2024-12-22T15:11:16Z,SAS1471,"55.698486,12.781095",2675,174,221
1734880284,2024-12-22T15:11:24Z,SAS1471,"55.693562,12.773409",2550,169,221
1734880293,2024-12-22T15:11:33Z,SAS1471,"55.688812,12.766027",2425,161,221
1734880299,2024-12-22T15:11:39Z,SAS1471,"55.685226,12.760448",2325,155,221
1734880308,2024-12-22T15:11:48Z,SAS1471,"55.680618,12.753239",2200,148,221
1734880316,2024-12-22T15:11:56Z,SAS1471,"55.676571,12.746973",2100,144,221
1734880323,2024-12-22T15:12:03Z,SAS1471,"55.672707,12.740965",2000,138,221
1734880332,2024-12-22T15:12:12Z,SAS1471,"55.669006,12.735235",1875,132,221
1734880341,2024-12-22T15:12:21Z,SAS1471,"55.664978,12.728949",1775,126,221
1734880347,2024-12-22T15:12:27Z,SAS1471,"55.662186,12.724657",1700,122,221
1734880354,2024-12-22T15:12:34Z,SAS1471,"55.659161,12.719851",1625,120,221
1734880363,2024-12-22T15:12:43Z,SAS1471,"55.65564,12.714428",1525,120,220
1734880369,2024-12-22T15:12:49Z,SAS1471,"55.653015,12.710409",1450,121,221
1734880377,2024-12-22T15:12:57Z,SAS1471,"55.649506,12.70494",1375,121,221
1734880385,2024-12-22T15:13:05Z,SAS1471,"55.645939,12.699423",1275,120,220
1734880394,2024-12-22T15:13:14Z,SAS1471,"55.642502,12.694119",1175,119,220
1734880402,2024-12-22T15:13:22Z,SAS1471,"55.638977,12.688709",1075,119,220
1734880411,2024-12-22T15:13:31Z,SAS1471,"55.635635,12.683549",1000,119,221
1734880419,2024-12-22T15:13:39Z,SAS1471,"55.632019,12.677807",900,119,221
1734880427,2024-12-22T15:13:47Z,SAS1471,"55.628483,12.672386",825,123,221
1734880434,2024-12-22T15:13:54Z,SAS1471,"55.625828,12.668266",725,124,221
1734880441,2024-12-22T15:14:01Z,SAS1471,"55.622543,12.663158",650,125,221
1734880449,2024-12-22T15:14:09Z,SAS1471,"55.619823,12.658911",650,105,221
1734880455,2024-12-22T15:14:15Z,SAS1471,"55.617718,12.655714",0,80,222
1734880463,2024-12-22T15:14:23Z,SAS1471,"55.615936,12.652946",0,66,222
1734880471,2024-12-22T15:14:31Z,SAS1471,"55.614418,12.65059",0,52,219
1734880477,2024-12-22T15:14:37Z,SAS1471,"55.613434,12.648947",0,42,227
1734880478,2024-12-22T15:14:38Z,SAS1471,"55.613308,12.648697",0,41,230
1734880479,2024-12-22T15:14:39Z,SAS1471,"55.613194,12.648447",0,40,230
1734880481,2024-12-22T15:14:41Z,SAS1471,"55.613049,12.648096",0,38,236
1734880482,2024-12-22T15:14:42Z,SAS1471,"55.612942,12.647802",0,37,236
1734880483,2024-12-22T15:14:43Z,SAS1471,"55.612862,12.64756",0,35,239
1734880484,2024-12-22T15:14:44Z,SAS1471,"55.61277,12.647241",0,32,241
1734880486,2024-12-22T15:14:46Z,SAS1471,"55.612652,12.646809",0,29,244
1734880488,2024-12-22T15:14:48Z,SAS1471,"55.612553,12.646346",0,27,247
1734880490,2024-12-22T15:14:50Z,SAS1471,"55.612518,12.646137",0,26,250
1734880492,2024-12-22T15:14:52Z,SAS1471,"55.612419,12.645628",0,26,250
1734880493,2024-12-22T15:14:53Z,SAS1471,"55.61237,12.64541",0,26,250
1734880494,2024-12-22T15:14:54Z,SAS1471,"55.612328,12.645178",0,26,250
1734880495,2024-12-22T15:14:55Z,SAS1471,"55.612289,12.644973",0,26,250
1734880496,2024-12-22T15:14:56Z,SAS1471,"55.612247,12.644749",0,26,250
1734880498,2024-12-22T15:14:58Z,SAS1471,"55.612152,12.644265",0,26,250
1734880500,2024-12-22T15:15:00Z,SAS1471,"55.612106,12.644057",0,26,250
1734880502,2024-12-22T15:15:02Z,SAS1471,"55.612038,12.643676",0,26,250
1734880503,2024-12-22T15:15:03Z,SAS1471,"55.611992,12.643475",0,26,250
1734880510,2024-12-22T15:15:10Z,SAS1471,"55.611839,12.642474",0,17,255
1734880512,2024-12-22T15:15:12Z,SAS1471,"55.611832,12.642142",0,15,267
1734880515,2024-12-22T15:15:15Z,SAS1471,"55.611897,12.641724",0,15,286
1734880517,2024-12-22T15:15:17Z,SAS1471,"55.61198,12.641519",0,15,300
1734880521,2024-12-22T15:15:21Z,SAS1471,"55.612152,12.641251",0,15,317
1734880524,2024-12-22T15:15:24Z,SAS1471,"55.612358,12.641082",0,15,334
1734880527,2024-12-22T15:15:27Z,SAS1471,"55.612617,12.641079",0,16,348
1734880530,2024-12-22T15:15:30Z,SAS1471,"55.61285,12.641206",0,16,19
1734880533,2024-12-22T15:15:33Z,SAS1471,"55.613068,12.641435",0,17,30
1734880537,2024-12-22T15:15:37Z,SAS1471,"55.613285,12.641706",0,17,33
1734880540,2024-12-22T15:15:40Z,SAS1471,"55.613514,12.641959",0,18,33
1734880543,2024-12-22T15:15:43Z,SAS1471,"55.613792,12.642281",0,19,33
1734880547,2024-12-22T15:15:47Z,SAS1471,"55.614017,12.642538",0,20,33
1734880549,2024-12-22T15:15:49Z,SAS1471,"55.614223,12.642775",0,21,33
1734880557,2024-12-22T15:15:57Z,SAS1471,"55.614853,12.643495",0,22,33
1734880563,2024-12-22T15:16:03Z,SAS1471,"55.615459,12.644191",0,24,33
1734880571,2024-12-22T15:16:11Z,SAS1471,"55.616192,12.645027",0,25,33
1734880577,2024-12-22T15:16:17Z,SAS1471,"55.616856,12.645804",0,26,33
1734880584,2024-12-22T15:16:24Z,SAS1471,"55.617645,12.646702",0,27,33
1734880591,2024-12-22T15:16:31Z,SAS1471,"55.618481,12.647656",0,29,33
1734880599,2024-12-22T15:16:39Z,SAS1471,"55.619358,12.648676",0,29,33
1734880607,2024-12-22T15:16:47Z,SAS1471,"55.620068,12.649512",0,23,33
1734880614,2024-12-22T15:16:54Z,SAS1471,"55.620552,12.65007",0,15,33
1734880620,2024-12-22T15:17:00Z,SAS1471,"55.62088,12.650456",0,14,30
1734880628,2024-12-22T15:17:08Z,SAS1471,"55.621384,12.651014",0,16,33
1734880634,2024-12-22T15:17:14Z,SAS1471,"55.621788,12.651486",0,17,33
1734880640,2024-12-22T15:17:20Z,SAS1471,"55.622139,12.651873",0,14,28
1734880644,2024-12-22T15:17:24Z,SAS1471,"55.622349,12.652005",0,13,16
1734880648,2024-12-22T15:17:28Z,SAS1471,"55.622601,12.652068",0,14,8
1734880651,2024-12-22T15:17:31Z,SAS1471,"55.622875,12.652088",0,15,2
1734880655,2024-12-22T15:17:35Z,SAS1471,"55.623104,12.652088",0,16,2
1734880657,2024-12-22T15:17:37Z,SAS1471,"55.62331,12.652088",0,17,357
1734880660,2024-12-22T15:17:40Z,SAS1471,"55.623596,12.652068",0,17,357
1734880664,2024-12-22T15:17:44Z,SAS1471,"55.623859,12.652065",0,18,357
1734880667,2024-12-22T15:17:47Z,SAS1471,"55.624115,12.652044",0,18,357
1734880669,2024-12-22T15:17:49Z,SAS1471,"55.624348,12.652023",0,19,357
1734880672,2024-12-22T15:17:52Z,SAS1471,"55.62463,12.652023",0,19,357
1734880679,2024-12-22T15:17:59Z,SAS1471,"55.62513,12.652005",0,17,357
1734880686,2024-12-22T15:18:06Z,SAS1471,"55.625645,12.651984",0,14,357
1734880693,2024-12-22T15:18:13Z,SAS1471,"55.62606,12.651979",0,11,357
1734880698,2024-12-22T15:18:18Z,SAS1471,"55.626286,12.652047",0,9,11
1734880704,2024-12-22T15:18:24Z,SAS1471,"55.626457,12.652276",0,9,36
1734880708,2024-12-22T15:18:28Z,SAS1471,"55.626514,12.652516",0,9,59
1734880711,2024-12-22T15:18:31Z,SAS1471,"55.626526,12.652731",0,6,75
1734880715,2024-12-22T15:18:35Z,SAS1471,"55.626549,12.652946",0,6,75
1734880726,2024-12-22T15:18:46Z,SAS1471,"55.626778,12.653088",0,5,19
1734880736,2024-12-22T15:18:56Z,SAS1471,"55.627007,12.653192",0,5,16
1734880750,2024-12-22T15:19:10Z,SAS1471,"55.627213,12.653289",0,2,16
1734880758,2024-12-22T15:19:18Z,SAS1471,"55.627922,12.652473",0,1,16
1734880764,2024-12-22T15:19:24Z,SAS1471,"55.62727,12.653311",0,1,16
